,spearman,p_value,change,slope,spearman*abs-change
aight,0.1600781546021228,0.16431917214418665,-0.000169548999660902,-2.2309078902750262e-06,2.7141090980353134e-05
admin,-0.09517870615201154,0.3920452223290901,-0.0006198405489490113,-7.559031084744041e-06,-5.8995621469519476e-05
aint,-0.04943080695463692,0.6474182814449361,-0.0005333573375338008,-6.130544109583916e-06,-2.6364283589472428e-05
ama,0.01605004420226828,0.8840851936437681,-0.0006522666174014908,-7.765078778589176e-06,1.046890804095794e-05
api,-0.1591709352941631,0.1639359019873052,-0.0006520069559252064,-8.46762280422346e-06,-0.00010378055699291528
ar,-0.04992051156828689,0.6500354895608693,-0.00019663321348886617,-2.3408715891531686e-06,-9.816030608680369e-06
arse,0.18195124243612795,0.09559140418874894,-0.0004642953672544455,-5.527325800648161e-06,8.447911892928468e-05
asap,-0.008238657307328307,0.9403473629264607,-2.3578292711201425e-05,-2.80693960847636e-07,-1.9425347353946537e-07
atl,0.1006070857585475,0.3715035282590943,0.0003699177705819623,4.623972132274529e-06,3.721634886855018e-05
yall,0.03207257443641043,0.7734709155624656,-0.0001872707495790813,-2.2837896290131866e-06,6.006255055637462e-06
bye,0.003312745130117396,0.978286316446833,-8.328601932060619e-05,-1.207043758269655e-06,2.7590535491120154e-07
bday,-0.14198863256743588,0.18955925767820775,-0.0005714038010330748,-6.644230244570637e-06,-8.113284435252149e-05
bs,0.04655382018230447,0.6666843750700113,-0.0004206108314044588,-4.834607257522515e-06,1.958104101193276e-05
bc,0.2049097582280573,0.05841328817379554,-0.0006231232753243993,-7.330862062639992e-06,0.00012768403969299784
bt,0.1643292518909604,0.13055277184583117,0.00023079624872511062,2.7152499850013013e-06,3.792657489223745e-05
bw,0.38072683525266626,0.0006358805179118718,8.326532101471309e-05,1.0955963291409616e-06,3.1701342156229036e-05
bah,-0.3530719384326128,0.0008547779981225882,-0.0011702339810043083,-1.3767458600050686e-05,-0.0004131767800929045
bb,0.05113969297736767,0.6360824003635529,-0.0012089680905146925,-1.3896184948444741e-05,6.182625696835583e-05
bbl,0.369113696433878,0.00043454110121378154,0.0006160785587213451,7.1637041711784306e-06,0.00022740303410329163
bbp,-0.050764827685460416,0.6610555098222262,-0.0002585437863364648,-3.4018919254798004e-06,-1.3124930762517132e-05
bbw,-0.0974914017908069,0.3926898403210869,-0.00022675736961451246,-2.907145764288621e-06,-2.2106893830114942e-05
bd,0.0785841950668306,0.49119826876879114,-9.867443178506035e-05,-1.265056817757184e-06,7.754250795505852e-06
beech,-0.07223591371286517,0.532419943535922,-0.00041271401816750483,-5.4304476074671685e-06,-2.9812774204437747e-05
betcha,-0.07286927787406226,0.5049250217212236,-0.0006394808050059191,-7.5233035883049305e-06,-4.659850447510535e-05
bf,-0.18965385643559418,0.09412228621220838,-0.00020225300691823877,-2.5929872681825483e-06,-3.8358062737738894e-05
bfe,0.13907906690467103,0.20985688885038836,-0.0002665757259356898,-3.250923487020607e-06,3.707510322257105e-05
biz,0.22134250863873794,0.04303061246231336,-0.0003783334826282618,-4.558234730460985e-06,8.374128214696985e-05
bj,-0.44984676700594073,1.9850588640771012e-05,-0.001890042568761294,-2.304929961904017e-05,-0.0008502295390608714
bk,0.06493743079867992,0.5721763613222562,-0.000227487852955553,-2.9543877007214674e-06,1.4772476708841494e-05
bl,-0.24237385173854478,0.02542212578340768,-0.000808481884031222,-9.624784333705024e-06,-0.00019595486829348277
blogger,-0.2518070349733215,0.02008442351050757,-0.001340343539821597,-1.595647071216187e-05,-0.0003375079326081225
blu,0.09068437203672161,0.4359367635807587,-8.228110245547482e-05,-1.0970813660729975e-06,7.4616101066638865e-06
bm,-0.0742457938452601,0.5073826662337302,-0.00043846590372661207,-5.4131593052668156e-06,-3.2554249096261705e-05
bo,0.21534227080099225,0.05999303027375493,5.099573978777468e-05,6.7099657615493e-07,1.098153840707591e-05
bos,-0.1240864496863066,0.27907565435449955,-0.00014671361502347418,-1.905371623681483e-06,-1.8205171608906484e-05
bout,-0.09055104057124488,0.4070177322413481,-0.0010498363449961484,-1.2351015823484098e-05,-9.506377346891367e-05
br,0.06427949355790255,0.561304422441551,-0.00016764489275237408,-2.0198179849683625e-06,1.0776128803691494e-05
brah,-0.017230238444214865,0.8809795498350574,-0.0001981445586075428,-2.573305955942114e-06,-3.4140779912316694e-06
brb,-0.13440518944157762,0.23762440287467065,-0.0007488841162848616,-9.601078413908482e-06,-0.00010065391151905526
bro,0.11752170622276588,0.2755052131512669,0.001329156547866674,1.5277661469731887e-05,0.00015620474534245292
bur,0.060627448508531606,0.5838030286462303,-0.0002754820936639118,-3.3190613694447207e-06,1.6701776448631296e-05
cmon,0.23292698174059498,0.03884655543978719,-7.799723277229721e-05,-9.999645227217591e-07,1.8167660013769808e-05
cya,-0.011684266928645335,0.9235200596228774,-3.916012270665292e-05,-5.675380102413467e-07,-4.57557326663038e-07
cb,-0.03268675169638135,0.7821879439617077,-0.00013792256263388608,-1.8893501730669326e-06,-4.508240558142439e-06
ct,0.13852440302406738,0.19805624426397644,-7.784202184953027e-05,-8.947358833279341e-07,1.078301960689259e-05
cam,-0.021128060448678227,0.8450902539106011,-0.0009175005296300387,-1.0545983099195848e-05,-1.9385006651717746e-05
cba,-0.05047575562897771,0.6545094506441377,-0.000603991554927396,-7.5498944365924505e-06,-3.0486930128481508e-05
chillin,-0.12037894399490788,0.28136141487846417,-0.00024447483098893137,-3.018207789986807e-06,-2.942962198778114e-05
cig,0.021858669855286623,0.8444964781493338,-0.0004858739715497249,-5.9252923359722546e-06,1.0620558735382363e-05
cod,0.03969924975719693,0.7166709345223983,-0.00022118064343954188,-2.6021252169357868e-06,8.780705605363893e-06
comin,0.09611293789180289,0.37585042859455575,-0.0002908759596075473,-3.382278600087759e-06,2.795694303997876e-05
comp,0.2081849644380441,0.06560347578977976,-0.00012968889066440462,-1.662678085441085e-06,2.6999277090978465e-05
convo,0.0039261312187898285,0.973148210267061,-4.676663231711824e-05,-6.235550975615765e-07,1.8361193513790323e-07
coo,0.10191439865138109,0.38427371507925434,4.6896747244089894e-05,6.337398276228364e-07,4.779453794087235e-06
cos,0.3471692995106977,0.000986161162497687,-0.00033230021676416527,-3.863956008885643e-06,0.00011536443348126826
cp,-0.08530638668940806,0.4761672294194734,-0.00014274362841296197,-2.0104736396191826e-06,-1.2176943162845307e-05
cr,0.1573296240224003,0.1633935603717351,-9.523383264713412e-05,-1.2054915524953686e-06,1.4983103084585802e-05
ctrl,-0.27043530963260576,0.01399957909689184,-0.0001150495605875401,-1.4203649455251865e-06,-3.1113463540586644e-05
cu,0.0993741734101943,0.3597909018144281,-0.000339653921080391,-3.949464198609197e-06,3.3752827652895225e-05
cunt,-0.13614010682646532,0.24416591936759277,-0.0001421966464439739,-1.921576303296945e-06,-1.9358666637247726e-05
dw,0.0225669954114038,0.8435083719957518,-0.00022675736961451246,-2.907145764288621e-06,5.1172325195926976e-06
dl,-0.04704784524800339,0.6670809609956172,-0.0007065269033511008,-8.312081215895304e-06,-3.324056841241364e-05
dm,0.35484539031656903,0.0012393360824090739,0.00020572051872884615,2.6040571990993185e-06,7.299897776446447e-05
da,0.04396084475752978,0.691321200055412,4.086351170639647e-05,4.923314663421262e-07,1.7963944943723961e-06
dat,0.42576894804865384,0.00013994454755443964,0.000554919043388713,7.4989059917393655e-06,0.00023626729735577766
dawg,-0.0979890288905718,0.3637389273212358,-0.001329734223998998,-1.5284301425275837e-05,-0.00013029936529221987
db,0.02940337958396917,0.7856657848904196,-0.0013377545241517646,-1.5376488783353615e-05,3.933450406380638e-05
dbag,-0.17459578578480303,0.13680003278376243,-9.410878976096367e-05,-1.289161503574845e-06,-1.6430998097572277e-05
ddg,0.2205122279889128,0.04256462671457841,-2.5149365632870578e-05,-2.993972099151259e-07,5.545742648212085e-06
dem,0.19139670971662304,0.10727577077751203,0.00021715088389593062,3.0584631534638116e-06,4.156196468973755e-05
der,0.021858617921797486,0.8454534348562801,-0.0003365938636603171,-4.1554797982755195e-06,7.357476660572466e-06
df,-0.05201251813106388,0.6303244565624311,-0.0006577905150684571,-7.5608105180282425e-06,-3.421334109143998e-05
dfw,0.2880879788851383,0.007503048631085356,0.0009256871099754012,1.10200846425643e-05,0.0002666793285928381
diff,0.13673945251608052,0.20932629168081512,-0.0007403162506041022,-8.709602948283555e-06,0.00010123043879636241
dis,-0.12216452943607646,0.296428435128662,1.0847587714738827e-05,1.465890231721463e-07,-1.325190448687633e-06
diy,0.11280672521304264,0.29536037351741035,-0.00020878513188295905,-2.3998291021029774e-06,2.355236700088983e-05
dk,0.3662313263648449,0.0006615397167975505,-1.9625777641937988e-05,-2.393387517309511e-07,7.187574576748468e-06
doa,-0.003935146645316608,0.9718346878194386,-0.00031036623215394165,-3.784954050657825e-06,-1.221336637280139e-06
dogg,-0.21629611073233615,0.07210834464769794,-0.00015386408375810446,-2.229914257363833e-06,-3.328020289827241e-05
dt,-0.26975070783821925,0.012014901266064335,-0.0007262659513971348,-8.544305310554528e-06,-0.00019591075446817485
dui,-0.04252485386171501,0.7062139801711356,-0.00032814510075639244,-4.101813759454906e-06,-1.3954322455103337e-05
dum,-0.01695266860722222,0.8813535627374536,-0.00040577850873587794,-5.136436819441493e-06,-6.879028586532166e-06
dun,-0.09061724659432725,0.44904078449234675,-0.000299305361318732,-4.2155684692779155e-06,-2.7122227733623757e-05
dupe,0.023222151678024917,0.8400664841223888,-0.00023347704759657198,-3.0321694493061296e-06,5.421839412625037e-06
dwi,-0.23356889512201262,0.0467265667736352,-0.00022967587569146808,-3.189942717937057e-06,-5.364514052143691e-05
effin,-0.008059522219994853,0.9441684381578743,-6.173255925692336e-05,-8.017215487912125e-07,-4.975349330283229e-07
epa,-0.19898556084339303,0.0787375340972386,-0.00027885802996377115,-3.5751029482534763e-06,-5.54887214880247e-05
evar,-0.1740146736718309,0.1156410741823954,-0.0005131237341815167,-6.25760651440874e-06,-8.929105915686793e-05
exp,0.053145720427937554,0.6290487768095254,-0.0002759381898454746,-3.2849784505413644e-06,1.4664933892918751e-05
fb,0.1869044692739656,0.10131353059875488,0.0004585320926740283,5.954962242519848e-06,8.570169742632006e-05
fml,-0.14236819399852782,0.21071075968792002,-0.0004069409677932232,-5.2171918947849135e-06,-5.7935450648734265e-05
fu,0.137120265044398,0.23125759193315668,-2.6590407380998674e-05,-3.453299659869958e-07,3.646083707721055e-06
fam,0.13676948093397714,0.21197357755378438,-0.00012529229631738067,-1.4915749561592937e-06,1.713616233235421e-05
fap,-0.26705661355943927,0.014060387751261083,-0.0005291604295340286,-6.375426861855766e-06,-0.00014131579234101597
faq,-0.12583702121588927,0.24548885328084535,-0.00014145548602985508,-1.6448312329052916e-06,-1.7800336996642803e-05
fc,0.0571566614035004,0.598998604995124,-0.0003796507213363705,-4.414543271353146e-06,2.1699567731017614e-05
fe,0.31838889774857865,0.0047726623846653495,0.0005505040286186149,7.243474060771249e-06,0.0001752743708780328
ff,-0.06769212333045192,0.5720854717861331,9.48266347317999e-06,1.335586404673238e-07,-6.419016253276714e-07
ffs,0.16833734934002623,0.15750867245072728,6.187513315279188e-05,8.714807486308715e-07,1.0415895905002165e-05
fi,0.10271858084839619,0.3645735876885894,-0.0001756190940023006,-2.2230265063582356e-06,1.8039344105797406e-05
flames,0.14218194316638597,0.20258148995152364,-0.00015777324651700372,-1.9478178582346137e-06,2.2432506769456824e-05
fm,-0.07634013949535827,0.5209183131573671,-7.759155803848541e-05,-1.0776605283122975e-06,-5.923350364320164e-06
foo,-0.014169981055540484,0.9000850290551526,-0.0002134012293774471,-2.6675153672180888e-06,-3.0238913775074747e-06
fri,-0.2372033565552292,0.029815121896300457,-0.000545571219325184,-6.573147220785349e-06,-0.00012941132446386277
fucktard,-0.08450232687937136,0.44194410358342606,-0.00019594458933351556,-2.332673682541852e-06,-1.6557773738104916e-05
fukin,-0.17345705219807642,0.14800244743569915,-8.366800535475234e-05,-1.1952572193536049e-06,-1.4512805572128214e-05
gf,-0.14037521985538404,0.20005722736326445,-0.0017312636744005292,-2.0610281838101537e-05,-0.00024302651892161428
gb,-0.1275484301331572,0.26577602434453473,-0.0005491199842058116,-7.131428366309241e-06,-7.003939194019534e-05
gd,-0.2718883021873221,0.016038628752166637,-0.000207315130352907,-2.6924042902974936e-06,-5.636655880939524e-05
gis,-0.1108112049467847,0.321641737702756,-0.00011492263158400894,-1.4187979207902338e-06,-1.2734715281479448e-05
gl,-0.07211570998086589,0.509351808002602,-0.0002641043216763577,-3.1071096667806785e-06,-1.9046070666705523e-05
gm,0.02704399195404525,0.8215895981195956,5.797600633850638e-06,8.165634695564279e-08,1.5679026489462428e-07
goin,0.05307201155265293,0.6274565290459562,-0.00030160792742134985,-3.5483285578982337e-06,1.6006939408477587e-05
gotcha,0.5503235571143394,7.062801641419856e-08,0.001094299551459457,1.3345116481212891e-05,0.0006022188217077945
goya,0.12623668035926242,0.29417248842480487,-3.987749913650046e-05,-5.696785590928637e-07,5.0340031120211714e-06
gp,0.059596980887323896,0.5857004551458073,-0.00029796759869223636,-3.5055011610851336e-06,1.7757969284303007e-05
grats,-0.04598505025805117,0.6972393991772938,-0.00020929510558195493,-2.8670562408486975e-06,-9.624445948950323e-06
grog,0.06439171570023637,0.5630343067101258,-0.00031036623215394165,-3.784954050657825e-06,1.9985014183810172e-05
gt,0.05091374148611361,0.6579932214685629,1.91019599651058e-05,2.4807740214423116e-07,9.725522515414884e-07
gta,-0.001684452770510243,0.9886356957172462,-0.00012759283305767422,-1.747847028187318e-06,-2.1492410114125026e-07
gtfo,-0.23003059658680666,0.04276152004337065,-0.0007876845141407972,-1.0229669014815548e-05,-0.0001811915387099965
guru,-0.03278755197381927,0.7671691427892124,-0.00023520498717124225,-2.8337950261595453e-06,-7.7117957413786e-06
ho,0.1040722098075414,0.3402882132435502,-8.747711353655866e-05,-1.0291425121948077e-06,9.103936513334852e-06
hw,-0.08538267055512071,0.482189733598994,9.366571636284238e-06,1.3574741501861215e-07,-7.99742900251795e-07
h2o,0.022617932640435368,0.844174844844054,-9.932731703942923e-05,-1.289965156356224e-06,2.2465785661529786e-06
hai,0.05792082291408889,0.6052415983805951,-0.00020275750202757503,-2.5031790373774693e-06,1.1743881369442193e-05
havnt,0.1308112654483717,0.27688172993959204,-0.0001147814532342425,-1.6397350462034643e-06,1.501470714757436e-05
hella,0.17317672427007638,0.11973464968986007,-0.0002347436838208534,-2.89807017062782e-06,4.065214220718592e-05
hf,0.4910121937747981,1.1913737191560321e-05,0.0010712827411774874,1.5088489312358977e-05,0.0005260128888986374
hg,0.026250221649418985,0.8126388252949054,-0.00023169158744565995,-2.7914649089838547e-06,6.081955524754315e-06
hijack,0.021077460651288085,0.852777227801624,-0.00017930144535805557,-2.2696385488361464e-06,3.779219159253497e-06
hl,0.33909797820127724,0.0023894029632346887,-0.00010279617980169114,-1.335015322099885e-06,3.485797673756844e-05
homie,0.25007333504866286,0.027234354838610097,-0.0002652498291153081,-3.444802975523482e-06,6.633190938795301e-05
homo,-0.11079132753295007,0.31276683887823087,-0.0004952364354595097,-5.895671850708449e-06,-5.486790212724523e-05
hr,0.37375578286873395,0.000813163423323261,0.0005089291165757094,6.696435744417228e-06,0.0001902152003904474
hrs,0.08475654301931257,0.4350801774085179,-0.0005878090914885746,-6.8349894359136585e-06,4.9820666549894415e-05
hs,-0.1886710493992503,0.11246752196220137,-0.00027754765330626575,-3.909121877553039e-06,-5.236520700759246e-05
hubby,-0.03560664041914817,0.7538532764407744,-0.0002192982456140351,-2.7759271596713303e-06,-7.808473776128984e-06
hy,-0.028833500161126024,0.8021301045645892,-0.0009006367735470773,-1.1696581474637367e-05,-2.5968510555185676e-05
ianal,0.04891708019219527,0.6546814556548968,-0.0003458056688798229,-4.0683019868214465e-06,1.6915803635510023e-05
ib,-0.027627753836570637,0.8114834289191357,-0.000169548999660902,-2.2309078902750262e-06,-4.6842580258681985e-06
ic,0.1924607435771886,0.07761997161805821,-0.0001563561069961966,-1.8613822261451975e-06,3.0092412615322456e-05
idk,0.7440156002676368,1.7442897651945566e-15,0.002577402805604243,3.221753507005304e-05,0.001917627895543132
ij,0.15003684640486073,0.17578482377290047,-0.0004360595200913538,-5.317799025504314e-06,6.542499523932374e-05
ima,-0.31903250536524685,0.006692802005582338,-0.00023646362027676584,-3.378051718239512e-06,-7.5439581204633e-05
indie,0.22662208357569322,0.03701175132539849,-6.589911565184695e-05,-7.845132815696065e-07,1.4934194894817132e-05
intel,-0.19219865456505406,0.10578416798208097,-0.00015728402420045316,-2.2152679464852556e-06,-3.02297778359045e-05
ip,0.3459116373981063,0.0013595344675522956,2.1773636475931146e-05,2.655321521455018e-07,7.531754245500477e-06
irl,-0.35021868749517604,0.0017937445463709813,-0.0004938422425862431,-6.49792424455583e-06,-0.00017295278202822837
iso,0.4876219083856265,1.9186116615645017e-06,0.0006959532544498683,8.187685346469039e-06,0.0003393620540820323
ite,-0.23870304043573828,0.04054508290549562,-0.00018821757952192734,-2.57832300714969e-06,-4.492810849533941e-05
itt,0.5331534659084275,1.005879991393719e-06,0.0009730148508990971,1.3328970560261603e-05,0.0005187662401372255
jj,-0.13327994252203088,0.23855867731717573,-0.00030455481366373693,-3.855124223591607e-06,-4.0591048059910684e-05
jk,0.2922228610331085,0.007347165461949584,0.0005756786102194582,7.020470856334857e-06,0.0001682264505138938
jp,-0.3135476267997234,0.005490390157015317,-0.00012105845357297487,-1.5928743891180904e-06,-3.795759082185077e-05
js,-0.07051236168670011,0.539573349776149,-0.00014671361502347418,-1.905371623681483e-06,-1.034512348689849e-05
jw,-0.09649529165375123,0.37678750713713205,-0.0003598728645496674,-4.233798406466675e-06,-3.472603702299106e-05
jsut,-0.14622099165229668,0.2271052035960895,-7.846829880728185e-05,-1.1372217218446644e-06,-1.147371246486948e-05
jus,-0.07636709336496383,0.48464095605555657,-0.00038580246913580245,-4.5388525780682645e-06,-2.9462613180927403e-05
ka,0.11758276565174004,0.29892162568376807,-0.00017930144535805557,-2.2696385488361464e-06,2.108275983055452e-05
kay,-0.1380799189478609,0.22797761142263054,-0.00014671361502347418,-1.905371623681483e-06,-2.025820407098898e-05
kfc,-0.012193700783881345,0.9139627088824447,-0.0006472905715876155,-8.091132144845194e-06,-7.89286755016691e-06
kicks,-0.39775268185168133,0.00014922370950570734,-0.0017173300832910138,-2.0203883332835456e-05,-0.000683072646253572
kkk,0.15662496603863313,0.18573869453243905,-6.760210364046707e-05,-9.389181061175981e-07,1.058817718682831e-05
km,0.10111581255160662,0.38802975036323306,-0.00011399594682312158,-1.5404857678800213e-06,1.1526792790609678e-05
kool,-0.03993906565636175,0.7117907674377565,-0.0005744115265128862,-6.602431339228577e-06,-2.294145967116914e-05
ks,-0.4362105499405875,2.4062334376484276e-05,-0.0010718332512411426,-1.2463177340013286e-05,-0.0004675449719685067
lam,0.20379766101231447,0.088252302644318,3.5225453339175094e-05,5.032207619882156e-07,7.178864998622307e-06
lat,-0.31682037450642275,0.006315644057452753,-0.0006852402058495476,-9.517225081243717e-06,-0.0002170980586441119
lawd,0.16075801663710237,0.1569813589148564,-0.00022675736961451246,-2.907145764288621e-06,3.645306499707537e-05
legit,0.363844515914963,0.0004928697450564368,0.0015494163696178358,1.7809383558825697e-05,0.0005637466489543208
lemme,0.05152800977007638,0.6395399508145463,-2.2316783520112053e-05,-2.6567599428704825e-07,1.1499394392610134e-06
lf,-0.09042414246500474,0.45660572849825265,-7.846829880728185e-05,-1.1372217218446644e-06,-7.095428630336216e-06
liek,0.03453985396678334,0.7640152296560556,-6.292630854924278e-05,-8.172247863538024e-07,2.173465507959596e-06
lil,-0.049037428163397206,0.6558305553674773,-0.0005214631971767982,-6.207895204485693e-06,-2.5571214071412675e-05
lmao,0.42175401983049254,5.24735383263782e-05,0.00029845829360597247,3.5112740424232054e-06,0.00012587598508006828
ln,0.06997402508640468,0.5591702134776547,1.421885159786527e-05,2.0026551546289113e-07,9.949502784088898e-07
lt,0.008082340066775318,0.9407733702884148,-0.0003796507213363705,-4.414543271353146e-06,3.0684662364370985e-06
lug,0.09091519923499944,0.399557239611781,-0.00037699179897192185,-4.3332390686427796e-06,3.427428451349313e-05
lulz,-0.2542009532350958,0.023781103452533096,-0.00023089764835433353,-2.960226260952994e-06,-5.869440231141353e-05
lurker,-0.0401708825126388,0.7150957402462479,-0.00043841858538038006,-5.219268873575953e-06,-1.761166148467255e-05
lv,-0.01591277584092058,0.8850697680991108,-0.0004242985669984659,-5.051173416648404e-06,-6.75176798627041e-06
lvl,-0.05685787339977128,0.6327954009862653,-7.759155803848541e-05,-1.0776605283122975e-06,-4.411690983843209e-06
ly,0.012104768097230318,0.9179047226115831,-0.0004759668463945772,-6.43198441073753e-06,5.761468297576401e-06
mia,0.4006959386869551,0.00012014114156797861,-0.00023562611451139322,-2.7398385408301538e-06,9.441442713330267e-05
mb,-0.10702939003223269,0.36073655318524767,-7.872770680777524e-05,-1.0638879298348006e-06,-8.426178438272637e-06
mah,-0.012992704705764349,0.9125130519823642,-0.00013239217169882015,-1.8135913931345225e-06,-1.7201323922376222e-06
mai,-0.3121291325765658,0.007181176509530907,-0.00018565247899758177,-2.5785066527441912e-06,-5.7947547230204306e-05
mic,0.18002277822681723,0.1274965493279899,5.187425463557585e-05,7.204757588274423e-07,9.338547437941716e-06
mins,0.08747464302747995,0.4232052416051809,-5.395305398165468e-05,-6.347418115488786e-07,4.719524137287599e-06
misc,-0.11691897043155469,0.29552160902076446,-0.00015777324651700372,-1.9478178582346137e-06,-1.8446685544411948e-05
mofo,-0.3376247374347926,0.004258433224741399,-0.0002362376898574115,-3.4237346356146595e-06,-7.975968801031053e-05
mor,0.11782473829651341,0.27994567320614333,-0.00046602618374033656,-5.48266098518043e-06,5.4909413138528026e-05
mos,-0.20404057311339727,0.08120503898135782,-5.411198950498415e-05,-7.412601302052623e-07,-1.1041041350903104e-05
mph,0.1932493888557234,0.09003804540618979,-6.292630854924278e-05,-8.172247863538024e-07,1.216047067008785e-05
msg,0.010526725327191412,0.9276012356423968,-0.00027856225181895294,-3.665292787091486e-06,2.9323483114220438e-06
na,0.020835090584454333,0.8472121201061086,-0.0001545176606722495,-1.7760650651982701e-06,3.219389457004295e-06
nm,0.3124725686802638,0.003037304266709612,-7.813119645048636e-05,-8.980597293159352e-07,2.4413855648945782e-05
nn,-0.12264361659239763,0.26639339033114734,-0.0002754820936639118,-3.3190613694447207e-06,-3.378612027338777e-05
nt,0.1437290694086364,0.2186135982689665,-7.411844768662112e-05,-1.001600644413799e-06,1.0652975512010752e-05
n00b,-0.2989073473626059,0.009187898695863488,-0.00039676450347662776,-5.361682479413889e-06,-0.00011859582526184023
n2,0.2963435255311397,0.009341017567036106,1.603284966654163e-05,2.1377132888722176e-07,4.751231194493704e-06
naw,0.07180909465525875,0.5321227672504117,-0.00013755521164087448,-1.7864313200113569e-06,9.877715213043707e-06
nb,-0.17258096855254926,0.10993968861389573,-0.0007186486689591842,-8.35637987161842e-06,-0.00012402508333797635
newb,-0.034572138128495064,0.7491397578532704,-0.00047037581982189915,-5.406618618642519e-06,-1.6261897815186805e-05
ng,0.21993043793879163,0.05626500235797118,-0.00016886985289499593,-2.251598038599946e-06,3.7139620701855777e-05
nib,0.3127058733389118,0.006675975536683103,6.58784112629544e-05,9.02443989903485e-07,2.060056612816216e-05
nic,-0.16403969716606276,0.16854019003938137,-0.00015728402420045316,-2.2152679464852556e-06,-2.580082369890202e-05
nip,-0.011967927562361027,0.9166285538246288,-0.0003706441023233794,-4.7518474656843515e-06,-4.4358417680225335e-06
nite,-0.05771143387127945,0.6065488824742562,-0.00020275750202757503,-2.5031790373774693e-06,-1.1701426170170206e-05
nk,-0.06894708571854621,0.5706179431796328,0.00024277962274203403,3.518545257130928e-06,-1.6738947459911333e-05
noes,-0.1035895345864704,0.3543747244067075,-0.00030568061083279733,-3.773834701639473e-06,-3.1665312208277456e-05
norwich,-0.11490649534141537,0.32626647447545853,-0.000191651901754105,-2.589890564244662e-06,-2.202204835608146e-05
np,0.04994183131936004,0.6518831246130882,-0.00018658040293155747,-2.2479566618259936e-06,9.318167010706073e-06
ns,0.2699620070047756,0.01612448055528544,-1.771190088106065e-05,-2.2707565232129037e-07,4.7815403097207855e-06
nsfw,-0.1040137989276427,0.337685954116416,-0.0021646132685346478,-2.5169921727147067e-05,-0.0002251496492694703
nu,0.0003932141570591649,0.9972202382287474,-0.00017368473535815763,-2.1710591919769705e-06,6.829529680790208e-08
nuff,-0.35216364659003935,0.0019449615839238368,-0.00038774862207532164,-5.239846244261103e-06,-0.0001365509687103083
nvm,0.11979451069412697,0.2961696518876348,-0.00018499699696133067,-2.4025584020952037e-06,2.2161624730865503e-05
oy,-0.03219042092807809,0.7810725121848233,-7.958048863975939e-05,-1.047111692628413e-06,-2.5617294269759914e-06
obv,-0.03948327430909839,0.7401519754594112,9.010998391350856e-05,1.2515275543542855e-06,-3.557837212845502e-06
ocd,-0.1537627315059817,0.16257525530704509,-0.00019169478718968042,-2.3095757492732582e-06,-2.947551409374313e-05
od,0.0431938835074193,0.7148034214757046,-9.410878976096367e-05,-1.289161503574845e-06,4.064924101959279e-06
oe,-0.2589216141067309,0.017397064736897803,-0.0006080425568165372,-7.3258139375486405e-06,-0.00015743536025652143
oj,-0.06670431755117959,0.5369160273780698,-0.0008435093090704037,-9.695509299659813e-06,-5.62657128096083e-05
omfg,-0.2063394437314782,0.05968482959333088,-0.0002754820936639118,-3.3190613694447207e-06,-5.684282196459454e-05
ooo,-0.046152049129423105,0.67305525331143,-0.0009376207696298406,-1.1030832583880477e-05,-4.3273119824723905e-05
orgy,-0.11872905688852302,0.2705683704617032,-0.0004694068894298585,-5.395481487699523e-06,-5.5732237278982305e-05
os,0.10271224085365026,0.3615273668498107,-0.00047284551903172087,-5.910568987896511e-06,4.8567022837355384e-05
ot,0.0972908855107185,0.370000306870361,-0.0006014705833618909,-6.993843992580127e-06,5.8517605663926797e-05
otoh,-0.29668872714971495,0.0058297322716240815,-0.0007785609043409161,-9.268582194534717e-06,-0.00023099024371743738
penis,-0.09464855227089,0.39765186426240995,-0.0005859238739390306,-7.233628073321366e-06,-5.545684640928071e-05
pos,0.10524119740552938,0.3467121877117566,-9.709894735441735e-05,-1.1987524364742884e-06,1.0218809486395342e-05
pas,0.005657151813846091,0.9587717305805086,-0.000214180292218005,-2.5197681437412353e-06,1.2116504286111727e-06
paw,0.19369161374816524,0.10305021859200057,-7.402160817142128e-05,-1.0425578615693138e-06,1.4337364738956962e-05
pb,0.33519454691232314,0.002701025913821137,0.0005707056692161067,7.411761937871516e-06,0.00019129742821318704
peeps,0.2546583506802929,0.022630931231069393,-7.301072306820447e-06,-9.241863679519553e-08,1.8592790318524565e-06
pita,0.14340454719556522,0.18513715407414766,-0.0005753150044331961,-6.689709353874373e-06,8.250278770555708e-05
pix,-0.2889829218898746,0.011919154849291748,-0.0003734042360626056,-5.046003190035211e-06,-0.00010790744718342825
pk,0.23598531327931588,0.030691111917079628,-0.0002951765078023571,-3.556343467498278e-06,6.965732066643366e-05
plz,0.16018285433795484,0.16981230963976843,-0.00014063398560343796,-1.9004592649113237e-06,2.2527153230881542e-05
po,-0.12338339582855846,0.2818297821462932,-0.00018447559118322924,-2.3957868984834967e-06,-2.2761224887667703e-05
pod,0.05345025095841518,0.6487899641209187,-2.7772521761736726e-05,-3.753043481315774e-07,1.484448257912875e-06
poo,0.004823912868833163,0.9652633706463132,-0.00052004768725792,-6.2656347862399996e-06,2.5086647309704045e-06
pov,0.34057963046904294,0.002279834226079673,-5.900567358343925e-05,-7.663074491355747e-07,2.0096130504624707e-05
pp,0.004773551653954033,0.967802320455066,3.2954980439623934e-05,4.514380882140265e-07,1.5731230138358965e-07
ppl,0.15970575124149786,0.17110406994332047,-2.7667764531092478e-05,-3.738887098796281e-07,4.418701119610993e-06
prob,0.26690971515761985,0.012451803761563327,0.0004121248930498193,4.792149919183946e-06,0.00011000013781329182
probly,-0.20828757185321092,0.07700336269595497,-0.00016125956339323774,-2.239716158239413e-06,-3.358836289728643e-05
prolly,-0.08248907098952037,0.4502091168128094,-0.00016944989471449597,-1.9935281731117174e-06,-1.397776439427081e-05
promos,-0.004005434259146381,0.9704553464610349,-0.0003851144578186583,-4.426602963432854e-06,-1.5425506430394377e-06
psa,0.35653778423099597,0.0015706930237943308,0.00017272006301789352,2.3029341735719135e-06,6.158122856063775e-05
pst,0.07565183870300583,0.49136746515113006,-0.0002759381898454746,-3.2849784505413644e-06,2.0875231430189248e-05
qt,0.11079436774569429,0.32477807803692416,-0.00046804849563960443,-5.850606195495055e-06,5.185713714871332e-05
rents,0.16054988580275165,0.16026743361073278,-0.00010740543892284526,-1.3948758301668216e-06,1.7243930953657222e-05
rite,-0.06043542064868948,0.5896399728836188,-0.00019582379851961886,-2.4175777595014675e-06,-1.1834693636557382e-05
rly,-0.0070727878091980095,0.9500320902216918,-0.0002536783358701167,-3.1709791983764586e-06,-1.7942130413997994e-06
ro,0.16001696015290404,0.15099050091581598,2.8749677143467117e-06,3.5493428572181625e-08,4.600435941875034e-07
rofl,-0.18868130494625085,0.09585298505343763,-0.00018744919351388353,-2.4031947886395326e-06,-3.536815844332185e-05
rrb,-0.09130954729209527,0.4116629717359461,-0.0007961132747001353,-9.70869847195287e-06,-7.269274270609685e-05
rtfa,-0.00805812905864963,0.9409504672959172,-0.0006153118046891756,-7.154788426618321e-06,-4.9582619334959915e-06
ru,0.06073908465347232,0.585429369077109,-0.00031036623215394165,-3.784954050657825e-06,1.8851360848377505e-05
rut,-0.027265316918322263,0.8078870486053906,-0.00020275750202757503,-2.5031790373774693e-06,-5.528247550349202e-06
sup,-0.16396683336869472,0.1361269067556806,-0.0002361739175632829,-2.845468886304613e-06,-3.872468938713065e-05
sob,0.044833298113113956,0.6783111547014438,-0.0002987536429041016,-3.4339499184379494e-06,1.3394111134698379e-05
sb,0.0872286640101845,0.44462518491805725,-0.00013678885859336984,-1.7537033152996134e-06,1.1931909386577697e-05
sab,0.3664949431422906,0.0008270315194953856,0.0016793138298959096,2.1257137087289996e-05,0.0006154600266057637
sah,-0.41038176016523004,9.587174087792051e-05,-0.0006511364462741435,-7.75162436040647e-06,-0.00026721452092971575
sd,0.19759817861192125,0.06987667356644539,0.0008118542175455719,9.664931161256809e-06,0.0001604209146854115
sec,0.11312306280825823,0.34408572502281143,3.671493443038455e-05,5.171117525406275e-07,4.153305833569475e-06
seo,0.08656144857384425,0.472891615493232,4.5103556630050366e-05,6.443365232864338e-07,3.904229197729576e-06
sg,0.0023556058044207867,0.9843320063327341,-6.197067568816078e-05,-8.728264181431096e-07,1.4597848335490968e-07
sh,0.03451757396312756,0.7523723523949158,-0.0006179501527630251,-7.27000179721206e-06,2.1330140103523693e-05
shite,-0.0451450001419163,0.6797957785853013,-0.0005790399936470478,-6.8122352193770336e-06,-2.614076059537119e-05
sho,-0.23474178655550107,0.036088180617340274,-0.0004264572074509171,-5.398192499378698e-06,-0.00010010732676649823
sic,-0.05054004236818135,0.6645985411459253,-0.0002521432173474534,-3.3619095646327115e-06,-1.2743328887589852e-05
sig,-0.4367518020497433,7.152217437835504e-05,-0.00039437259539078906,-5.189113097247225e-06,-0.00017224294171596142
sis,-0.24404647240918317,0.03745965211421934,-0.00016125956339323774,-2.239716158239413e-06,-3.9354827588364717e-05
sk,-0.044917035207846595,0.71196171294585,-2.302637027067322e-05,-3.3371551116917706e-07,-1.034276284156741e-06
slo,0.1402226855363954,0.22385410075343604,0.00012768019664892633,1.6800025874858729e-06,1.790366006392752e-05
sm,-0.12859801341924285,0.26182985408008735,-0.00010279617980169114,-1.335015322099885e-06,-1.3219384509584778e-05
smh,0.20611765687193326,0.06838892434750561,-0.00010366188703965211,-1.3289985517904116e-06,2.136654526353612e-05
snl,0.1889312188321076,0.07967664685542715,-0.0002964251100139585,-3.446803604813471e-06,5.600395732737876e-05
soo,-0.33339706705516575,0.0019415686996057538,-0.0005517328566661498,-6.647383815254817e-06,-0.0001839461162104625
sop,0.10439164948604145,0.3567720889954942,-0.0001305234838852119,-1.6521959985469863e-06,1.362556177944202e-05
sorta,-0.2659974432660801,0.013307463007559039,-0.00022935143233265647,-2.698252145090076e-06,-6.10068946099e-05
sos,0.3523221070626589,0.000761428192343636,0.0001370334189034892,1.575096769005623e-06,4.827990288607731e-05
srs,0.00311858699158341,0.9783815739878656,-0.00014671361502347418,-1.905371623681483e-06,4.5753917130038294e-07
ss,0.15077752781088444,0.1683866274537938,-0.00012613710287650263,-1.5016321771012218e-06,1.9018640536946268e-05
stb,-0.38903564846497996,0.000431300243861936,-0.00041799197419727904,-5.42846719736726e-06,-0.00016261377873499563
std,-0.20390211069400305,0.0835766511945339,-0.00014548133397701546,-2.020574083014104e-06,-2.9663951064492633e-05
stfu,-0.09950826697170911,0.3591397691795478,-0.0002517926024071972,-2.927820958223223e-06,-2.5055445501836783e-05
sumthin,-0.04105820736426548,0.7338827513343128,-8.366800535475234e-05,-1.1952572193536049e-06,-3.435258313609896e-06
ta,-0.2191816757095072,0.060620034171413865,-0.00028201408319865155,-3.863206619159611e-06,-6.181231932916082e-05
tai,0.15543474450562897,0.1829901877175597,-3.481027158599218e-05,-4.704090754863808e-07,5.41072567014025e-06
tard,0.041863171916499395,0.7070861112131228,-0.00031036623215394165,-3.784954050657825e-06,1.2992914933736621e-05
tb,-0.15152070831993236,0.20717504824405272,-8.366800535475234e-05,-1.1952572193536049e-06,-1.2677435435067967e-05
tbd,0.13151666754161057,0.2673826571787409,5.052041889775025e-05,7.016724846909757e-07,6.64427713623832e-06
tbh,0.29021985489723023,0.006090357163774326,0.0006895790161700077,7.926195588161008e-06,0.0002001295220130344
tc,-0.16577741199484575,0.16707856567639584,-0.0001621363041620342,-2.3162329166004883e-06,-2.6878536894391165e-05
te,-0.14460429739591157,0.21898621758022122,-4.912453425039237e-05,-6.729388253478407e-07,-7.1036187601793824e-06
tg,0.6467494466987131,3.014236210712901e-11,0.0004703969048345167,5.667432588367671e-06,0.0003042289379305109
tha,0.007110643282755018,0.9494464774170068,-0.00015884006680579198,-1.960988479083852e-06,1.1294550540649631e-06
thanx,0.14895103861852912,0.17629201268609923,-0.0002754820936639118,-3.3190613694447207e-06,4.1033343972046584e-05
thr,0.34247926871722917,0.0021459625436693846,0.00011396362985983656,1.4800471410368385e-06,3.903018061475781e-05
thru,0.12083106177146657,0.28880623387536364,-0.000192894213830272,-2.4730027414137434e-06,2.3307612666684078e-05
thx,0.021978052256536228,0.8427024746670836,-0.000274507129890837,-3.307314817961892e-06,6.033132045532594e-06
tis,-0.3056363306361488,0.004447986983397845,-0.0004718827791789902,-5.617652133083216e-06,-0.00014422452111865464
tix,-0.20222705297090265,0.08620173484307127,-0.00031187947067431434,-4.331659314921032e-06,-6.307046623659164e-05
tl,-0.35935990674312107,0.0006300213427355361,3.0981111849519684e-05,3.6024548662232193e-07,-1.1133369465041597e-05
tldr,0.19716389588364372,0.07050616061462549,0.0002208405414898067,2.6290540653548417e-06,4.354178152918375e-05
tla,-0.1393668754718056,0.21759668006221203,-0.0001397129630207366,-1.7685185192498303e-06,-1.9471359119107976e-05
tonite,-0.18967169398991107,0.08210257647401878,-0.00019271257852306262,-2.2941973633697933e-06,-3.6552121221633045e-05
tos,0.3329056236453907,0.00185131442113458,9.610058914363004e-05,1.1440546326622624e-06,3.199242656154963e-05
tp,-0.06683655211537803,0.5433473172120671,-0.0006610799008860602,-7.869998820072145e-06,-4.4184301248000106e-05
tps,-0.055997947958799796,0.6355828615783925,-5.38316832682941e-05,-7.374203187437548e-07,-3.014463798192527e-06
troll,-0.09925738746830139,0.3632161647119182,-0.0005514974861924324,-6.48820571991097e-06,-5.474019967479646e-05
ts,0.017379464981653943,0.873807471918799,-0.00038580246913580245,-4.5388525780682645e-06,6.705040502181305e-06
tw,-0.052159555661873414,0.6395639907368089,-0.000555496881950528,-6.774352218908877e-06,-2.8974470534095686e-05
twat,0.11128326367946534,0.33854533816344956,-0.00018923603365420688,-2.523147115389425e-06,2.105880343079728e-05
ty,0.23484324185734198,0.04550738063247198,9.377676087224976e-05,1.30245501211458e-06,2.2022838534119873e-05
typo,-0.027593026692378383,0.7997301311989722,-0.0025436594581637155,-2.9577435560043204e-05,-7.018726332543214e-05
uv,0.0073688949766092865,0.9463132201447017,-0.0009129105759909099,-1.074012442342247e-05,6.727142157512906e-06
un,-0.3595099124750834,0.0006264876366576473,-0.0017057683865139275,-1.983451612225497e-05,-0.0006132406433383863
ut,0.1096536110162973,0.31199715320349813,-0.0004031388414370881,-4.687660946942885e-06,4.4205629704503216e-05
uw,0.004778717216929212,0.9682212342658585,-3.333891235303125e-05,-4.6956214581734156e-07,1.593172344551244e-07
vagina,0.027223916766849876,0.8069941940458534,-0.00037278741556621563,-4.546187994709947e-06,1.014873357310373e-05
vag,-0.193917801875339,0.07898635430762295,-0.0005296644777679768,-6.459322899609473e-06,-0.00010271137126021541
vb,-0.0017780393155618723,0.9870368726426013,-0.0011966521377863135,-1.4078260444544864e-05,-2.127694548035228e-06
vid,0.10712585349938372,0.3233501575791953,-0.0005301549589777519,-6.164592546252929e-06,5.679330246742244e-05
vip,-0.01855777564400157,0.8710460136443958,-0.00022612118202511278,-2.8989895131424714e-06,-4.196306164378484e-06
wo,0.046768923965676695,0.6745927064401024,-0.0002665757259356898,-3.250923487020607e-06,1.2467459857381344e-05
wu,0.0860665729524835,0.4448798342048029,-0.0012244742441288004,-1.5305928051610004e-05,0.0001053863018607485
w00t,0.06422240778557317,0.5664938112607407,-0.0001177764462610242,-1.4540302007533852e-06,7.563886959311141e-06
wad,-0.17993693535888555,0.11493384826390776,-0.0003162626146843762,-4.107306684212678e-06,-5.690732565489473e-05
wat,0.12946442368834177,0.2523894315058137,-9.428932378019694e-05,-1.1935357440531259e-06,1.2207112963166655e-05
wc,-0.01737364585351846,0.8784294663141461,-0.0002213054413208608,-2.8013347002640607e-06,-3.844882362965246e-06
wha,0.004361708265892498,0.9693699715438215,-0.00017930144535805557,-2.2696385488361464e-06,7.82060596304703e-07
whaddya,-0.08721363148512659,0.42738260098045,-0.00023214768362722274,-2.7636629003240803e-06,-2.024644252999036e-05
whatcha,-0.09087729161583138,0.3997546286693876,-0.0007750659725658984,-8.908804282366649e-06,-7.043589641037911e-05
whit,0.14324851079420708,0.1909112710104916,-0.0002359413895894951,-2.808826066541608e-06,3.3798252693411006e-05
wilco,-0.3369007761676715,0.0019684983043403797,-0.0019752370049852443,-2.438564203685487e-05,-0.0006654588800946357
wot,0.10988030058925582,0.3081458937161888,-0.0004694068894298585,-5.395481487699523e-06,5.1578570109220425e-05
wth,0.14057628415572157,0.2195979196519153,-0.000204525539314594,-2.6561758352544675e-06,2.875144033179057e-05
wut,0.16723818998085,0.13814188460423632,-0.00017720181987153239,-2.2430610110320554e-06,2.9634911616627693e-05
wy,0.05960826499186897,0.6214528254186296,-1.9036597682619026e-05,-2.719513954659861e-07,1.1347385592091537e-06
xd,-0.0777976125682502,0.5070504153040756,-0.0003420228010889647,-4.621929744445468e-06,-2.6608557368626977e-05
xmas,-0.20274393585836564,0.061185724886790534,-0.0023881891101384767,-2.8096342472217374e-05,-0.00048419085976356266
xp,-0.15108188733051917,0.17545159091916915,-0.00020275750202757503,-2.5031790373774693e-06,-3.06329860767476e-05
xtra,-0.21573603647303766,0.0707778710049439,-0.00011680404524469683,-1.6686292177813832e-06,-2.5198841765108255e-05
xyz,-0.06031133366136149,0.6147810406278681,-0.00022121192722024386,-3.115660946763998e-06,-1.3341586352452941e-05
yo,-0.10942785000190253,0.31015427547900115,-0.0006755095887441045,-7.764478031541431e-06,-7.391956195193673e-05
ye,-0.07716931043394935,0.47743316520795076,-0.00044199659316241665,-5.139495269330426e-06,-3.4108572308498545e-05
yer,0.07415325071801396,0.5026244008162242,-0.00047712258325858365,-5.748464858537152e-06,3.538019053960024e-05
ymmv,0.15010372616914644,0.16522836955915174,2.0909812879221236e-05,2.4313735906071203e-07,3.138640826670716e-06
yr,0.14942041649129023,0.18030303297365105,1.5541600675628912e-05,1.918716132793693e-07,2.32223244589379e-06
yrs,0.02443633796376122,0.8243222296714527,-0.000616934621972225,-7.344459785383631e-06,1.5075622924058558e-05
zig,-0.002631323995184105,0.9813999105926874,-0.00020869408035954537,-2.6086760044943173e-06,-5.491417413029516e-07
zomg,-0.0026054482122236902,0.980779352930377,-0.0006574613478904254,-7.5570269872462685e-06,-1.7129814934672865e-06
zot,-0.07615061011275076,0.5219567019161933,-0.00014242366793114933,-1.9781064990437405e-06,-1.0845649207452837e-05
